Candidate,HCDR3,KD (nM),Length,Edit distance to trastuzumab,Fab KD (nM) (hHER2),Fab KD SD,mAb KD (nM) (hHER2),mAb KD SD,cELISA EC50 (pM),cELISA EC50 SD,ADCC EC50 (pM),ADCC EC50 SD,mAb Binding - Human HER2,mAb Binding - Mouse HER2,mAb Binding - Cynomolgus HER2,mAb Binding - Canine HER2,mAb Binding - Human HER1,mAb Binding - Human HER3,mAb Binding - Human HER4,DLS - Cumulant PDI,DSF - IP #1 (oC),DSF - IP #2 (oC),SEC - HMW (%),SEC - Main (%),SEC - LMW (%),NR-CGE - LMW (%),NR-CGE - Main (%),NR-CGE - HMW (%),Red-CGE - Purity (%),Red-CGE - Impurities (%),Deglycosylated intact mass - Identity,Deglycosylated intact mass - Additional species observed,"Product Quality Observation (SEC, NR-CGE, Red-CGE, Deglycosylated intact mass)",AC-SINS - Shift (nm),AC-SINS - Score,Polyspecificity - Anti-DNA (AU),Polyspecificity - Anti-DNA score,Polyspecificity - Anti-insulin (AU),Polyspecificity - Anti-insulin score,HIC - RRT,HIC - # Main,HIC - Score,"Developability Observation (Based on AC-SINS, Polyspecificity, HIC)",FcRn chromatography - Retention time (min),FcRn chromatography - RRT,FcRn chromatography - Peak width (min),FcRn chromatography - Score
Trastuzumab,SRWGGDGFYAMDY,1.9,13.0,0.0,1.38,0.82,1.61,1.07,110.7,10.14,56.97,8.84,6.2 ± 4.9 ,NB,25.2 ± 12.5 ,7.8 ± 1.6 ,NB,NB,NB,0.11​,79.52​,79.52​,1.8,96.1,2.1,5.2,94.8,0.0,100.0,0.0,Confirmed,"[Degly] + Lys, + Hex, + 2 Hex, + 2 Lys",Likely highly deglycosylated​,0.4,,0.121,​,0.195,​,1.01,1​,​,No red flags​,26.74,1.0,6.39,
1,TRYFFNGWYYFDV,0.9,13.0,9.0,1.93,1.59,3.41,1.78,87.35,7.92,53.8,10.65,6.3 ± 4.1 ,NB,49.8 ± 15.2 ,13.1 ± 3.0 ,NB,NB,NB,0.05​,70.79​,79.42​,11.8,87.6,0.6,0.7,97.1,2.2,100.0,0.0,Confirmed,"[Degly] + Hex, + 2 Hex",Likely non-covalent aggregate​,2.4,​,0.175,​,0.517,++​,1.21,2​,++​,Medium​,28.13,1.05,6.54,++
2,ARYYYGFYYFDY,1.2,12.0,7.0,1.58,0.99,4.16,2.48,33.16,2.47,14.57,2.9,4.6 ± 3.2 ,NB,32.9 ± 6.8 ,7.6 ± 3.8 ,NB,NB,NB,0.04​,70.60​,78.90​,0.0,99.4,0.5,0.8,99.2,0.0,100.0,0.0,Confirmed,"[Degly] + Lys, + Hex",High purity​,3.1,​,0.127,​,0.176,​,1.11,1​,​,No red flags​,26.98,1.0,5.6,
3,ARWGNYYYYMDY,1.7,12.0,6.0,1.4,1.19,3.85,1.5,122.2,9.2,77.88,10.38,4.0 ± 4.3 ,NB,4.6 ± 5.7 ,1.5 ± 1.1 ,NB,NB,NB,0.08​,70.39​,70.39​,0.0,99.4,0.5,0.7,99.3,0.0,100.0,0.0,Confirmed,[Degly] + Hex,High purity​,9.1,++​,0.132,​,0.205,​,1.27,1​,++​,Medium​,29.79,1.11,7.65,+++
4,ANDIYIQGYDLNR,4.0,13.0,12.0,2.45,2.27,3.67,2.94,105.7,10.44,58.73,10.79,4.8 ± 6.0 ,NB,43.7 ± 34.5 ,4.8 ± 4.2 ,NB,NB,NB,0.08​,80.24​,80.24​,ND​,98.5,1.5,1.6,98.4,0.0,100.0,0.0,Confirmed,"[Degly] + Lys, + Hex, + 2 Hex",High purity​,1.8,​,0.101,​,0.168,​,1.14,1​,+​,Low​,27.35,1.02,7.52,+
5,ARYYGYGGYYFDY,8.1,13.0,7.0,7.2,3.62,9.75,2.32,107.4,5.29,46.54,9.19,14.8 ± 3.3 ,NB,254.2 ± 41.1 ,119.0 ± 6.7 ,NB,NB,NB,0.04​,71.86​,71.86​,0.0,99.8,0.2,3.4,96.6,0.0,91.7,8.3,Confirmed,"[Degly] + Lys, + Hex, + 2 Hex",LC variant observed​,2.4,​,0.122,​,0.25,​,1.09,1​,​,No red flags​,27.31,1.02,4.57,+
6,ARWGGDFYAMDY,9.5,12.0,2.0,6.99,2.09,6.66,3.0,78.05,4.89,34.87,7.01,8.9 ± 6.8 ,NB,60.9 ± 23.8 ,18.5 ± 5.6 ,NB,NB,NB,0.07​,70.50​,80.73​,1.9,97.5,0.6,2.4,97.6,0.0,99.5,0.5,Confirmed,"[Degly] + Lys, + Hex, + 2 Hex",High purity​,0.4,​,0.122,​,0.187,​,1.05,1​,​,No red flags​,26.74,1.0,5.39,
7,ARWYGYGGYYFDY,7.4,13.0,6.0,5.67,2.95,7.04,0.73,87.08,7.99,57.69,3.99,11.5 ± 4.9 ,NB,171.0 ± 39.1 ,91.6 ± 18.7 ,NB,NB,NB,0.05​,70.66​,78.36​,ND​,99.7,0.3,1.2,98.8,0.0,99.5,0.5,Confirmed,[Degly] + Hex,High purity​,4.4,​,0.133,​,0.175,​,1.16,1​,+​,Low​,29.56,1.1,8.03,+++
8,ARYGYAPGFYYMDV,9.7,14.0,7.0,9.27,1.91,6.61,2.72,103.4,10.92,62.77,8.14,9.0 ± 9.9 ,NB,120.2 ± 9.8 ,37.6 ± 6.7 ,NB,NB,NB,0.06​,70.30​,82.73​,ND​,99.8,0.2,1.3,98.7,0.0,99.4,0.6,Confirmed,"[Degly] + Lys, + Hex",High purity​,3.1,​,0.126,​,0.187,​,1.14,1​,+​,Low​,27.5,1.02,6.94,+
9,TRWGGYYYFDY,9.8,11.0,6.0,6.7,2.5,8.89,1.55,104.8,14.09,50.18,5.12,16.4 ± 5.9 ,NB,198.7 ± 7.6 ,103.4 ± 7.9 ,NB,NB,NB,0.04​,69.98​,80.43​,ND​,99.9,0.1,0.6,99.4,0.0,99.6,0.4,Confirmed,"[Degly] + Lys, + Hex, + 2 Lys",High purity​,9.1,++​,0.121,​,0.2,​,1.21,1​,++​,Medium​,29.1,1.08,7.15,++
10,APYGPGYWYGV,9.2,11.0,10.0,7.15,4.67,7.99,2.68,99.83,12.55,50.06,4.02,17.5 ± 8.9 ,NB,151.3 ± 20.9 ,5.0 ± 1.8 ,NB,NB,NB,0.07​,72.02​,72.02​,ND​,99.8,0.2,3.0,97.0,0.0,100.0,0.0,Confirmed,"[Degly] + Lys, + Hex, + 2 Lys",High purity​,-0.9,​,0.125,​,0.138,​,1.16,1​,+​,Low​,28.06,1.04,6.23,+
11,ARYYYDYYYYFDY,8.4,13.0,8.0,6.22,2.71,5.63,3.99,128.1,15.01,48.79,5.13,5.0 ± 4.4 ,NB,104.1 ± 8.9 ,36.6 ± 2.4 ,NB,NB,NB,0.05​,75.66​,75.66​,ND​,99.9,0.1,0.9,99.1,0.0,100.0,0.0,Confirmed,"[Degly] + Lys, + Hex, + 2 Lys",High purity​,5.1,+​,0.124,​,0.17,​,1.56,1​,+++​,Medium​,27.61,1.03,6.43,+
12,ARYRHWYYDYDY,6.2,12.0,9.0,8.91,3.47,10.15,1.26,113.6,13.77,50.22,4.83,23.2 ± 5.9 ,NB,81.5 ± 10.3,52.5 ± 5.4,NB,NB,NB,0.09​,71.07​,80.37​,11.6,88.4,ND​,5.6,94.4,0.0,97.6,2.4,Confirmed,"[Degly] + Hex,",Likely non-covalent aggregate​,19.8,+++​,0.153,​,0.324,+​,1.5,1​,+++​,High​,29.92,1.11,8.37,+++
