HCDR1,HCDR2,HCDR3,KD (M),KD (nM),-log(KD (M)),HCDR1 Edit Distance to Trastuzumab,HCDR2 Edit Distance to Trastuzumab,HCDR3 Edit Distance to Trastuzumab,Edit Distance to Trastuzumab,Minimum HCDR1 Edit Distance to SAbDab,Minimum HCDR2 Edit Distance to SAbDab,Minimum HCDR3 Edit Distance to SAbDab,Minimum HCDR123 Edit Distance to SAbDab,Minimum HCDR1 Edit Distance to OAS,Minimum HCDR2 Edit Distance to OAS,Minimum HCDR3 Edit Distance to OAS,Minimum HCDR123 Edit Distance to OAS
GFNVSSSY,IYPENGST,SRYSYYGGYAFDY,2.249e-07,224.9,6.65,4,2,6,12,1,1,4,11,0,0,2,7
GFNISDYY,IYPSSGYT,ARDGGVGSYSMDV,1.3229800000000002e-06,1322.98,5.88,2,2,6,10,1,0,4,9,0,0,1,7
GFNIKDTW,IDPANGYT,ARVGGRGYYYYDY,3.9414e-07,394.14,6.4,1,2,6,9,0,0,4,8,0,0,2,5
GFNIKDYY,IYPSRGYT,ARHGSEGRYTMDV,1.9208000000000004e-07,192.08,6.72,1,2,7,10,0,1,5,8,0,0,2,7
GFNFKDTY,IYPANGYT,ASDGGSYSYAFDY,6.4224e-07,642.24,6.19,1,1,7,9,1,1,4,8,0,0,1,5
GFNIKDTY,IYPEDGST,ARSGGSSTYAYDY,6.6918e-07,669.18,6.17,0,3,6,9,0,1,4,8,0,0,1,5
GFNIKDTY,IYPTNGYT,ARYGGDYYYYYDY,5.699e-08,56.99,7.24,0,0,6,6,0,0,4,5,0,0,2,5
GFNIKDTY,IYPTNGYT,ARYYGSSSYYFAY,6.062e-08,60.62,7.22,0,0,9,9,0,0,4,8,0,0,1,4
GFNIKDTY,IYPTNGYT,ARYSGSSYYYYDY,4.2265e-07,422.65,6.37,0,0,8,8,0,0,5,5,0,0,1,6
GFNIKDTY,IYSSDGYT,ARSGGSSYYYYDY,8.0963e-07,809.63,6.09,0,3,7,10,0,1,4,7,0,0,1,6
GFNIKDTY,IDPANGYT,ARVGGRGYYYYDY,1.3397e-07,133.97,6.87,0,2,6,8,0,0,4,7,0,0,2,4
GFNIKDTY,IDPENGYT,ARVGGYGYYYYDY,2.7733999999999997e-07,277.34,6.56,0,2,6,8,0,1,4,7,0,0,1,4
GFNIKDTY,IYPSSGYT,ASSGGRYYYYYDY,5.9053e-07,590.53,6.23,0,2,8,10,0,0,5,8,0,0,2,6
GFNIKDTY,IYPANGYT,ASSGGGYSYYYTY,4.7578e-07,475.78,6.32,0,1,9,10,0,1,6,9,0,0,2,6
GFNIKDTY,IYPANGYT,AREGGVGYYSFAY,2.1314e-07,213.14,6.67,0,1,7,8,0,1,4,7,0,0,1,4
GFNIKDTY,IYPSNGYT,ARSSGYYSYSYDY,2.3009000000000002e-07,230.09,6.64,0,1,8,9,0,1,5,8,0,0,2,5
GFNIKDTY,IYPSNGYT,ARYYGGSMYYYGY,1.0922000000000001e-07,109.22,6.96,0,1,9,10,0,1,5,8,0,0,2,6
GFNIKDTY,IYPSNGYT,ARYRGSSSYYFDY,9.0653e-07,906.53,6.04,0,1,8,9,0,1,4,8,0,0,0,4
GFNIKDTY,IYPSNGYT,ARSGYYYSYSFDY,3.4756e-07,347.56,6.46,0,1,8,9,0,1,4,8,0,0,1,5
GFNIKDTY,IYPANGYT,ASSGGSSSYYYNY,5.538200000000001e-07,553.82,6.26,0,1,9,10,0,1,6,8,0,0,2,6
GFNIKDTY,IYPSNGYT,ARYGGSYAYYFYY,1.86e-08,18.6,7.73,0,1,8,9,0,1,5,7,0,0,2,6
GFNIKDTY,IYPTNGYT,ARSGGSSYYYYDY,1.06707e-06,1067.07,5.97,0,0,7,7,0,0,4,4,0,0,1,5
GFNIKDTY,IDPADGYT,AREGGYGYYAMDY,1.6015000000000001e-07,160.15,6.8,0,3,4,7,0,1,3,5,0,0,0,3
GFNIKDTY,IYPTNGYT,SRWGGDGFYAMDY,1.94e-09,1.94,8.71,0,0,0,0,0,0,0,0,0,0,0,0
