HCDR3,KD (M),KD (nM),-log(KD (M)),HCDR3 Edit Distance to Trastuzumab,Minimum HCDR3 Edit Distance to SAbDab,Minimum HCDR3 Edit Distance to OAS,Minimum HCDR123 Edit Distance to OAS
TRYFFNGWYYFDV,9.4e-11,0.94,9.03,9,5,3,7
ARYYYGFYYFDY,1.21e-10,1.21,8.92,7,3,0,3
ARWGNYYYYMDY,1.69e-10,1.69,8.77,6,2,1,4
SRWGGDGFYAMDY,1.94e-10,1.94,8.71,0,0,0,0
ARWSYGYYNFDY,1.98e-10,1.98,8.7,7,3,1,5
AVYSPDFYYLGY,2.06e-10,2.06,8.69,9,6,3,7
ARWGYYYYYMDY,2.28e-10,2.28,8.64,6,3,1,5
ARWGDYYYYMDY,2.36e-10,2.36,8.63,5,3,1,4
TRWLEGLSYFMDY,2.4e-10,2.4,8.62,7,5,3,7
ARWPFYGPYNYDY,2.64e-10,2.64,8.58,7,5,3,6
TRYGYGYYYFDY,2.73e-10,2.73,8.56,7,3,1,4
VRYGYGYYYFDY,2.77e-10,2.77,8.56,7,3,1,4
TRYYYGLYYFDY,3.02e-10,3.02,8.52,8,4,0,3
TRYGSYYYYFDY,3.18e-10,3.18,8.5,8,3,1,5
ARYEAYGLYPFGY,3.39e-10,3.39,8.47,9,5,2,6
ARWLGEGYYNFDY,3.42e-10,3.42,8.47,6,3,1,6
ARWLAYWYAMDY,3.55e-10,3.55,8.45,6,3,1,5
TRYGGGYYYFDY,3.59e-10,3.59,8.45,6,4,1,5
ARWGGYYYYMDY,3.62e-10,3.62,8.44,5,3,1,4
VRYGGGYYYFDV,3.96e-10,3.96,8.4,7,4,2,6
ANDIYIQGYDLNR,3.99e-10,3.99,8.4,12,8,4,9
ARWGGNYYYMDY,4.22e-10,4.22,8.37,5,3,1,4
ARWGSGYYYMDY,4.46e-10,4.46,8.35,5,3,1,4
ATYSFGAYYYVF,4.73e-10,4.73,8.33,11,7,3,7
ARWPGYGSYYMDV,4.83e-10,4.83,8.32,6,5,2,5
VRWRSDFYYFDY,4.95e-10,4.95,8.31,6,4,2,5
TRYGYGYYYMDY,5.25e-10,5.25,8.28,6,4,1,5
ALWGFGWYYFDY,5.31e-10,5.31,8.28,7,4,1,6
VRYYGDGGYYFDY,5.35e-10,5.35,8.27,6,4,2,5
TRFRSFFYNFDY,5.4e-10,5.4,8.27,8,5,2,7
VRYGYGYYYMDY,5.48e-10,5.48,8.26,6,4,1,5
ARWGDGYYYMDY,5.57e-10,5.57,8.25,4,3,1,4
ARWYGAYYHMDY,5.59e-10,5.59,8.25,6,4,2,5
ARYRHWYYDYDY,6.15e-10,6.15,8.21,9,5,2,6
ARYGGFYYYFDY,6.17e-10,6.17,8.21,7,3,1,5
VRWGGYYYYFDY,6.35e-10,6.35,8.2,6,3,1,5
ARYGSYFYYMDY,6.53e-10,6.53,8.19,6,2,1,4
VRYGGWGFWYFDY,6.76e-10,6.76,8.17,6,5,2,6
TRYYYYGSYHFDY,6.82e-10,6.82,8.17,8,4,1,5
ARYYYYSYAMDY,6.9e-10,6.9,8.16,7,3,0,4
ARWGYSGWYVMDY,6.93e-10,6.93,8.16,5,4,2,4
ARWYYGYYYYFDV,7.04e-10,7.04,8.15,9,3,1,5
ARYFYDYYYYFDF,7.11e-10,7.11,8.15,9,5,2,6
ARYGDGYYYYFAY,7.31e-10,7.31,8.14,8,4,1,5
ARWYGYGGYYFDY,7.43e-10,7.43,8.13,6,3,0,4
ARWGFSMYSFDY,7.5e-10,7.5,8.12,7,4,2,6
TRNYYDYYYYFDY,7.54e-10,7.54,8.12,8,5,1,5
ATYGRDYYHFAS,7.55e-10,7.55,8.12,10,6,2,7
ARWAGDYYVMDY,7.68e-10,7.68,8.11,5,3,1,4
ARYYGYGGYYFDY,8.05e-10,8.05,8.09,7,2,0,4
ARWGGPGYYAFVW,8.08e-10,8.08,8.09,6,5,3,6
ARYYGYGGYWYDT,8.19e-10,8.19,8.09,8,4,2,6
ARWYYYGGYYFDY,8.29e-10,8.29,8.08,7,3,0,4
ARNYYDLYYYFDY,8.41e-10,8.41,8.08,8,4,1,5
ARYYYDYYYYFDY,8.44e-10,8.44,8.07,8,4,1,5
ARWPGGYYHMDY,8.49e-10,8.49,8.07,5,3,1,4
ARWFGGYYHMDY,8.52e-10,8.52,8.07,5,3,1,4
TSIFSGGYYGLDS,8.57e-10,8.57,8.07,9,6,3,8
ARWYGGYYHHDY,8.57e-10,8.57,8.07,6,4,2,5
ARYGYGYYVMDY,8.65e-10,8.65,8.06,6,3,1,4
TRYGSFHYYYFDV,8.73e-10,8.73,8.06,9,4,2,6
ARWGGYGYYYMDV,8.78e-10,8.78,8.06,5,4,1,4
ARYGGGYYYYDY,9.11e-10,9.11,8.04,6,4,1,5
TRYASGYFYAFDY,9.14e-10,9.14,8.04,7,4,2,6
APYGPGYWYGV,9.15e-10,9.15,8.04,10,5,3,7
ARWGEFGPYYFDY,9.24e-10,9.24,8.03,6,3,1,5
ARWTERGFYSFDI,9.28e-10,9.28,8.03,7,5,3,7
ARWGGDFYAMDY,9.49e-10,9.49,8.02,2,1,0,2
ARYDYGYYIYVS,9.49e-10,9.49,8.02,10,5,2,5
ARYGYAPGFYYMDV,9.72e-10,9.72,8.01,7,6,2,7
TRWGGYYYFDY,9.79e-10,9.79,8.01,6,3,0,4
ARYYGYGGYYMDY,9.91e-10,9.91,8.0,6,3,1,5
ARYGYYLYAMDY,1.012e-10,10.12,7.99,6,2,0,4
AKFAYYGPYHFDP,1.012e-10,10.12,7.99,10,5,3,7
ARYGYYSYAMDY,1.02e-10,10.2,7.99,6,2,0,4
VRYGYDYYWFDY,1.042e-10,10.42,7.98,7,4,1,5
ARYGLGYYYMDY,1.049e-10,10.49,7.98,6,3,1,5
ARFGNSGYQFDY,1.05e-10,10.5,7.98,7,4,1,4
AIYSDGAYFYGR,1.058e-10,10.58,7.98,10,6,4,7
VRYGYGYYAMDY,1.071e-10,10.71,7.97,5,3,0,4
ARWLGSGYYWFDY,1.09e-10,10.9,7.96,6,4,1,6
ARYTFGAYYYSD,1.094e-10,10.94,7.96,10,6,3,7
ARWYYYGRYYFDY,1.1e-10,11.0,7.96,7,3,1,4
ATWYGGNYHMYP,1.116e-10,11.16,7.95,8,5,3,7
ARYFGGSYAYVY,1.12e-10,11.2,7.95,7,5,2,6
ARWYGYYYYFDV,1.124e-10,11.24,7.95,8,4,1,5
TRFLIGSYYYDY,1.163e-10,11.63,7.93,8,4,2,6
SRYYAGGWYYFDY,1.175e-10,11.75,7.93,7,5,2,6
ARWYGGGYYYMDY,1.184e-10,11.84,7.93,5,4,2,5
ARWSSGYYYMDY,1.2e-10,12.0,7.92,6,3,1,4
TRYGGYGYYYMDY,1.2e-10,12.0,7.92,5,4,2,4
TRYRGPYYYYFDP,1.207e-10,12.07,7.92,9,5,3,7
VRWGVGAYYNFDY,1.21e-10,12.1,7.92,7,5,2,6
ARYGYGYYYMDY,1.222e-10,12.22,7.91,6,3,1,4
ARWYYYGGYYFDV,1.249e-10,12.49,7.9,8,3,1,5
STYARDYYHFGS,1.259e-10,12.59,7.9,10,7,2,8
ALYGNYSYGFAR,1.26e-10,12.6,7.9,11,5,3,6
ARWFYDYYYMDY,1.26e-10,12.6,7.9,6,3,1,5
ARWGGYYYYFDY,1.28e-10,12.8,7.89,6,3,0,4
ARFGSYYYYFDY,1.3e-10,13.0,7.89,8,3,1,5
ARWGGYYYYFDV,1.3e-10,13.0,7.89,7,3,1,5
ARWRGDGGYYFDY,1.31e-10,13.1,7.88,5,3,0,5
VRYGFDGSYYFDP,1.316e-10,13.16,7.88,7,5,3,7
ARYVGLGGYPLGY,1.321e-10,13.21,7.88,8,6,2,7
ARYGGGYYYMDY,1.33e-10,13.3,7.88,5,3,1,4
ARWGYYGNYYFDY,1.34e-10,13.4,7.87,6,3,0,4
ARYGSYNYYFGD,1.357e-10,13.57,7.87,9,5,2,6
ARWQGGYYYWDF,1.38e-10,13.8,7.86,7,5,2,6
ARWYYDYYYMDY,1.388e-10,13.88,7.86,6,3,1,5
ARYGSSYYYYFDY,1.39e-10,13.9,7.86,8,3,1,5
TRYGLTFDMDY,1.39e-10,13.9,7.86,7,4,2,6
ARHFGVASYSFDY,1.392e-10,13.92,7.86,8,4,2,6
ARYGGYGGYYFDY,1.4e-10,14.0,7.85,6,3,0,4
AKYGATGWYYFDY,1.412e-10,14.12,7.85,8,5,1,6
ARYGYYGPYYFDY,1.43e-10,14.3,7.84,7,3,0,4
ARYGGGYNMDY,1.432e-10,14.32,7.84,5,3,1,4
TRYGYGGPYWFDY,1.434e-10,14.34,7.84,7,4,2,5
ARYRGVWYYDFDN,1.45e-10,14.5,7.84,9,5,2,7
ARYGWGYYYFDY,1.465e-10,14.65,7.83,7,3,1,5
ARYLQLGPYYFDY,1.47e-10,14.7,7.83,8,4,0,5
AKYLGQEAYAYFS,1.49e-10,14.9,7.83,10,7,4,9
ARWWGGGAYYFDY,1.49e-10,14.9,7.83,6,4,1,5
ARYYYGYGGYYFDY,1.496e-10,14.96,7.82,8,2,1,4
ARWDSGGPYYFDS,1.54e-10,15.4,7.81,8,4,2,6
VRYGGTYYYFDY,1.54e-10,15.4,7.81,7,4,1,6
AKYGDDNYGFSH,1.543e-10,15.43,7.81,10,6,3,7
ATYGYGYYYFDY,1.549e-10,15.49,7.81,8,3,1,4
ARYGLYYYYFDY,1.551e-10,15.51,7.81,8,3,1,5
ARYGSGYYYYFDY,1.57e-10,15.7,7.8,8,3,0,4
ARYGSRYYYYFDY,1.57e-10,15.7,7.8,8,4,1,5
ARYGLGYYYFDY,1.57e-10,15.7,7.8,7,3,1,4
ARWLAGYNYYFDV,1.574e-10,15.74,7.8,9,5,2,6
ARYTYFGSFDFDY,1.576e-10,15.76,7.8,9,4,2,5
ARWLRALGYYMDY,1.585e-10,15.85,7.8,7,4,2,5
ARYGGYYYYMDY,1.63e-10,16.3,7.79,6,3,1,4
ARYWGLGGYYFDH,1.648e-10,16.48,7.78,8,5,2,6
VRYGFYGYYYFDY,1.65e-10,16.5,7.78,7,4,2,5
AKYINAYSYAFFD,1.695e-10,16.95,7.77,11,7,4,8
ATYSPGAYYYGP,1.725e-10,17.25,7.76,11,7,3,8
ARYSGYGLYPYAY,1.741e-10,17.41,7.76,8,5,2,6
AKYAYYGDFWGSV,1.747e-10,17.47,7.76,12,7,4,7
ARWYVSYDYDV,1.76e-10,17.6,7.75,9,4,2,6
ARYPGYYYYFDY,1.786e-10,17.86,7.75,8,3,1,5
TRYGAPYFYFDY,1.797e-10,17.97,7.75,7,3,1,6
TRYEYQDYYHFDY,1.846e-10,18.46,7.73,9,5,2,6
ARYGAYFYAMDA,1.861e-10,18.61,7.73,6,3,2,5
AKYGSNYYYLGS,1.874e-10,18.74,7.73,11,6,3,7
TRNSFGFYAMDY,1.9e-10,19.0,7.72,5,4,2,5
ARWYGGYYMYDY,1.906e-10,19.06,7.72,6,4,2,5
ARWGYGGYYYFDY,1.91e-10,19.1,7.72,6,3,0,4
AKYSFGGYYYGD,1.913e-10,19.13,7.72,10,6,3,7
ASYGLDGYYYFDV,1.929e-10,19.29,7.71,8,5,1,6
ARWGYDYYYAMDY,1.94e-10,19.4,7.71,4,3,0,4
ARYYSYGQYAFDP,1.942e-10,19.42,7.71,8,5,2,6
ARYGGGGRYYFDY,1.96e-10,19.6,7.71,6,3,1,5
ARYWYGGYYYFDY,1.966e-10,19.66,7.71,7,3,1,5
ARYAHYGPYYFDF,1.98e-10,19.8,7.7,9,5,2,6
AAYTNTFYYLVY,1.984e-10,19.84,7.7,10,7,3,7
VRYGSDVYYYFDI,1.987e-10,19.87,7.7,8,5,3,7
ARYYGYGYYYFHY,2.018e-10,20.18,7.7,8,4,2,5
ARYGVVRYDFAY,2.047e-10,20.47,7.69,9,4,2,6
ARWGSIGYYAFDH,2.05e-10,20.5,7.69,6,5,2,6
ALYNYYYYAFGF,2.056e-10,20.56,7.69,11,6,3,7
ARWGYGYSYYFDV,2.11e-10,21.1,7.68,8,4,1,5
ARYWMGVYEFDY,2.167e-10,21.67,7.66,8,4,2,5
ARWEDYYYMDY,2.182e-10,21.82,7.66,6,3,1,4
VRYGGDYYYFDY,2.187e-10,21.87,7.66,6,4,1,5
ARYGYGYFYMDY,2.19e-10,21.9,7.66,6,3,2,5
ARYGYDGYYFAY,2.22e-10,22.2,7.65,7,4,1,4
ARYPSVVYAFGI,2.227e-10,22.27,7.65,10,5,2,8
ARYGGGFYAMDY,2.236e-10,22.36,7.65,3,2,0,3
ATWHYGGYFMSG,2.245e-10,22.45,7.65,9,6,3,7
ARWGYYYYAMDY,2.258e-10,22.58,7.65,5,2,0,4
ATYSTYYNYAFGI,2.26e-10,22.6,7.65,11,6,3,8
TRYLHDYYYYFDY,2.27e-10,22.7,7.64,8,5,2,6
AVSADIMYGVSV,2.287e-10,22.87,7.64,11,6,3,8
VRYFYDGNYYFDL,2.293e-10,22.93,7.64,8,5,3,6
ARYRGYVLYDFAY,2.307e-10,23.07,7.64,9,4,2,6
ARENDGSPGSFEY,2.314e-10,23.14,7.64,10,5,2,7
ARYGYYGYYMDY,2.33e-10,23.3,7.63,6,3,1,4
AVTDLDGLHSYRY,2.33e-10,23.3,7.63,10,7,4,8
ARYGGGYWYFDY,2.34e-10,23.4,7.63,7,3,1,5
ARYPPGYYIMDF,2.353e-10,23.53,7.63,8,4,1,6
ARFGGYYYYFDY,2.354e-10,23.54,7.63,7,3,0,4
TRYYDGAGPYYMDY,2.365e-10,23.65,7.63,7,6,3,7
ARYGTIYFHFDY,2.389e-10,23.89,7.62,8,4,2,6
VTYGTTYYHFGS,2.408e-10,24.08,7.62,11,6,3,8
ARYDPYGFYHLDY,2.424e-10,24.24,7.62,7,5,2,5
VRYGYGDYYYFDY,2.508e-10,25.08,7.6,7,3,2,5
AKYGGVGYYAMDY,2.52e-10,25.2,7.6,5,4,1,5
ARWGYGYYYFDY,2.52e-10,25.2,7.6,6,2,0,4
ARYSAYGLYDFAY,2.55e-10,25.5,7.59,9,4,2,6
ARYGTGNYAMDY,2.63e-10,26.3,7.58,5,3,0,4
ARWGYDYYYFAY,2.65e-10,26.5,7.58,7,3,1,5
ARWGYDYYYYFDV,2.67e-10,26.7,7.57,7,4,1,5
ARYGRGYYYFDY,2.68e-10,26.8,7.57,7,3,0,5
VRYGNSYYYDY,2.688e-10,26.88,7.57,8,4,1,5
VRFYYDYYFDY,2.69e-10,26.9,7.57,8,3,0,5
ARYDIGYYDMDK,2.697e-10,26.97,7.57,8,4,2,6
AATYGGLGDMSSI,2.7e-10,27.0,7.57,11,6,4,8
ARYGVYPFYYFDY,2.7e-10,27.0,7.57,7,4,1,5
ARNYVYWYGMTV,2.751e-10,27.51,7.56,10,4,3,7
AKYGTSNYGFSH,2.76e-10,27.6,7.56,11,6,2,7
ARWERYGYYVLDV,2.79e-10,27.9,7.55,8,4,2,7
ARYGAYSSYYFGY,2.797e-10,27.97,7.55,9,5,1,6
ARYFGGSYAYGR,2.799e-10,27.99,7.55,8,6,3,7
ARWLYYGYYFDY,2.804e-10,28.04,7.55,7,3,1,4
ARYLSYSYAWNY,2.892e-10,28.92,7.54,9,4,2,6
TRYYGDGYYDFDY,2.924e-10,29.24,7.53,6,4,1,5
ARYFYDHYYYFDV,2.972e-10,29.72,7.53,9,4,2,6
ARYYDDTIYSFY,2.985e-10,29.85,7.53,9,5,3,7
ARYYYDYGYYFDV,3e-10,30.0,7.52,9,3,1,5
ARGYYYYFYYNY,3.031e-10,30.31,7.52,9,5,2,6
ARWGSYGYYYFDY,3.09e-10,30.9,7.51,6,3,1,5
ARHYDYGRYYMDV,3.094e-10,30.94,7.51,8,4,2,6
ARWGGFGYYYFDY,3.1e-10,31.0,7.51,5,3,1,5
ARYGGGYYYYFDV,3.14e-10,31.4,7.5,8,4,1,5
TRTTLGFYAMDY,3.23e-10,32.3,7.49,5,4,2,5
ARYGGAGYYLDY,3.239e-10,32.39,7.49,6,3,1,5
ARWGSEAFYWFDY,3.284e-10,32.84,7.48,6,5,2,6
APWWSGWYYFFDT,3.3e-10,33.0,7.48,10,5,3,8
TRYYDGYYAMDY,3.31e-10,33.1,7.48,5,2,0,5
ARYPNYGFYMFDY,3.331e-10,33.31,7.48,7,5,2,5
ARGYYYYQWYYY,3.357e-10,33.57,7.47,10,5,2,7
ARWRDYYYYFDY,3.38e-10,33.8,7.47,7,3,0,5
ARWVSGARYYMDV,3.38e-10,33.8,7.47,8,5,2,7
AAYGPQGYAFAV,3.382e-10,33.82,7.47,9,6,3,7
ARYYGGLYYFDY,3.438e-10,34.38,7.46,7,3,0,4
ARFGGAGGYYFDY,3.504e-10,35.04,7.46,6,3,1,5
AGYWYGSYSFDY,3.536e-10,35.36,7.45,9,4,2,5
TRYRGAHGYYFDY,3.547e-10,35.47,7.45,8,4,1,6
ARYGDADFYAFDP,3.582e-10,35.82,7.45,7,5,3,7
ARYIFGGPYYFDY,3.604e-10,36.04,7.44,8,4,1,5
ASYYDYYYAFGT,3.608e-10,36.08,7.44,10,6,3,6
ARFPVSSYAYGF,3.62e-10,36.2,7.44,10,6,3,7
VRYPEVYGYYFDY,3.628e-10,36.28,7.44,9,4,2,4
ANVGSSLGIAALD,3.672e-10,36.72,7.44,10,7,4,8
SYPDFGYYVYFAY,3.676e-10,36.76,7.43,10,5,3,7
AKYAFGGWSYSP,3.77e-10,37.7,7.42,12,6,3,9
ARASWYWYGGDK,3.778e-10,37.78,7.42,10,5,3,7
AKYTRGFSYGFGY,3.782e-10,37.82,7.42,10,6,2,7
ARWGYGYYYSFDY,3.795e-10,37.95,7.42,7,3,1,5
ARYGRNGSYSYDY,3.82e-10,38.2,7.42,7,5,2,6
AKFERGYYSFDFG,3.828e-10,38.28,7.42,11,6,3,7
ARYGYGYYYYFDY,3.91e-10,39.1,7.41,8,3,1,5
ARYADYQFHFDN,3.959e-10,39.59,7.4,10,5,2,7
AASADFMYGVIR,3.962e-10,39.62,7.4,11,7,4,8
ARYPGGGIYDFDP,3.991e-10,39.91,7.4,8,5,3,7
ARYGGYGYYWFDY,4e-10,40.0,7.4,6,3,1,5
ARWLRGLGYYWDY,4.011e-10,40.11,7.4,7,5,2,5
ARYPEDFYYFDV,4.024e-10,40.24,7.4,8,5,2,6
ARYGDSYYYYFDY,4.06e-10,40.6,7.39,8,3,1,5
ARYGPYYYYAMDY,4.125e-10,41.25,7.38,6,2,1,4
AINLRGYWMDN,4.15e-10,41.5,7.38,9,4,3,7
TRYYGGYGYYFDY,4.157e-10,41.57,7.38,7,4,2,4
ARYGGYGNYWFDT,4.212e-10,42.12,7.38,7,4,2,6
ARGGYGYYTWFDY,4.213e-10,42.13,7.38,7,3,1,5
ARYGTGTYYYFLH,4.225e-10,42.25,7.37,10,6,2,7
AGSSASGWYHYTT,4.225e-10,42.25,7.37,11,8,3,8
ARWEGYGSYEFAY,4.245e-10,42.45,7.37,7,5,2,6
ARYLSYSYAWDN,4.261e-10,42.61,7.37,9,4,3,6
ARYYYDFGYYFDY,4.275e-10,42.75,7.37,8,4,1,4
ARYGGLGGYTLAY,4.287e-10,42.87,7.37,7,5,2,7
AQNWDRGSYFYTY,4.305e-10,43.05,7.37,10,6,3,7
AANAAIFAAWGA,4.307e-10,43.07,7.37,11,6,4,9
TRTRSGAYFFDY,4.34e-10,43.4,7.36,8,4,2,6
ARYGARSGYAYEY,4.51e-10,45.1,7.35,8,5,3,6
ARDGHYFTYDY,4.512e-10,45.12,7.35,8,4,2,5
ARNYYYGAYYFDY,4.551e-10,45.51,7.34,8,3,1,4
ASVDLGGFYDFRY,4.61e-10,46.1,7.34,8,6,3,8
ARYYGYYYAFDY,4.63e-10,46.3,7.33,7,3,0,4
ARWQGRSGYYMDY,4.833e-10,48.33,7.32,6,4,2,6
ARMSYYFYYMDY,4.888e-10,48.88,7.31,7,3,2,6
AAWYSTYYFDY,4.94e-10,49.4,7.31,9,4,1,6
AYTGAPHGGYHYYAY,4.944e-10,49.44,7.31,11,8,4,10
ARSGGHGVNGHWRSF,4.98e-10,49.8,7.3,11,8,5,9
ARYGYDYYYYFDV,5e-10,50.0,7.3,8,4,1,6
AKYVLVGSYGV,5.015e-10,50.15,7.3,11,6,3,7
SIYGTDYYWFAD,5.039e-10,50.39,7.3,9,6,3,7
ARFGPAYFYGFYY,5.085e-10,50.85,7.29,8,5,3,7
ARYMRPAFYPFLY,5.086e-10,50.86,7.29,9,6,3,8
ARGGYYGYWYYFDY,5.123e-10,51.23,7.29,8,3,1,5
ARYGSGYYGLDY,5.148e-10,51.48,7.29,7,4,1,5
SRWYGDYFAMDY,5.178e-10,51.78,7.29,3,3,2,3
ATNAFGLWSYGF,5.28e-10,52.8,7.28,12,7,4,9
ARYGVYGYAMDY,5.332e-10,53.32,7.27,5,2,1,4
ASYGSGSYFSFPL,5.393e-10,53.93,7.27,11,6,2,7
ARYGYGAYYYFDY,5.401e-10,54.01,7.27,8,3,1,5
ARYLSYSYAWDY,5.478e-10,54.78,7.26,8,3,2,5
ARHGSYYYDFDF,5.664e-10,56.64,7.25,9,4,1,6
TRYFYDFPYMDY,5.681e-10,56.81,7.25,7,5,2,7
ARYGGLSYYSFDL,5.81e-10,58.1,7.24,8,5,2,6
AKFHWGEDWLSDN,5.91e-10,59.1,7.23,11,7,4,8
ARYGYYGYWFDY,5.939e-10,59.39,7.23,7,3,1,4
ARYLSYSFAWDY,5.991e-10,59.91,7.22,8,4,2,6
VKHGIDYYWYGD,6.014e-10,60.14,7.22,10,6,4,8
AGSVAEGWYHYRD,6.03e-10,60.3,7.22,11,7,4,9
ARSGYPGYGSFAY,6.072e-10,60.72,7.22,9,4,2,5
ARYHNTGYFWGA,6.095e-10,60.95,7.22,10,6,3,7
ARYYDYGYTFDY,6.121e-10,61.21,7.21,8,3,1,4
ASYMGIVGYYPG,6.23e-10,62.3,7.21,10,6,3,8
ARTVVGWYGRFDY,6.364e-10,63.64,7.2,9,4,2,6
ARNSGTGIWAFAY,6.5e-10,65.0,7.19,8,5,2,6
ARYGTYGYAMDY,6.547e-10,65.47,7.18,5,2,1,4
ARWPPYYWWAFDY,6.558e-10,65.58,7.18,8,5,2,6
ARAGGTSISLGHG,6.7e-10,67.0,7.17,10,7,3,8
ARYGDAFIMSFGV,6.74e-10,67.4,7.17,10,7,4,8
APWGTYRYGYFDH,6.76e-10,67.6,7.17,10,5,3,7
ARYSYGAFYYSI,7.039e-10,70.39,7.15,10,5,3,7
AVYGPYGGFSYDS,7.07e-10,70.7,7.15,10,6,4,7
ARYYVGYYAMDY,7.157e-10,71.57,7.15,6,2,0,4
AIWSMYDVGYYPF,7.177e-10,71.77,7.14,11,7,4,8
ARYGLYGSYYFRY,7.18e-10,71.8,7.14,8,4,2,6
ARYYGYYYYMDY,7.43e-10,74.3,7.13,7,3,1,4
ARYSYYRYYFE,7.461e-10,74.61,7.13,11,5,2,6
ARYLTDADFRLHY,7.507e-10,75.07,7.12,10,6,4,8
ARYPYGYYAMDY,7.813e-10,78.13,7.11,6,2,0,4
TRWRWGYGYYFDF,7.814e-10,78.14,7.11,8,5,2,7
ARYWYGSYVFDY,7.832e-10,78.32,7.11,8,4,1,5
AADGYRGTYSF,7.919e-10,79.19,7.1,10,6,2,7
SRYGRGVYYYFDY,7.966e-10,79.66,7.1,7,5,2,7
AQSGSYFYPFSY,8.32e-10,83.2,7.08,9,5,2,6
ARPSYDVGGDMLF,8.325e-10,83.25,7.08,10,6,3,7
ARYVTANTYSYDP,8.355e-10,83.55,7.08,10,6,4,8
ARYYYSGYYMSV,8.523e-10,85.23,7.07,9,4,2,6
ALYKRYDYAFGY,8.663e-10,86.63,7.06,10,5,2,6
ARWGTYTYGYFDY,8.813e-10,88.13,7.05,8,4,1,5
ARWARGAGYYWDY,8.959e-10,89.59,7.05,7,4,2,6
ARYPSGYYYYFDY,9.013e-10,90.13,7.05,9,3,1,5
ARASWNWYGGDY,9.291e-10,92.91,7.03,9,5,2,6
AFPWAGHYMER,9.498e-10,94.98,7.02,10,6,4,8
ARGYYHYYHYQY,9.507e-10,95.07,7.02,9,5,3,7
VRYYRGYYYFDY,9.644e-10,96.44,7.02,8,4,2,5
ARYGDGTYYFFAH,9.73e-10,97.3,7.01,9,6,2,6
ARGYSGDWPYETFYV,9.735e-10,97.35,7.01,10,6,4,8
AFADSGAYGIWSF,9.842e-10,98.42,7.01,12,7,4,9
ARYDYYGYYYFDY,9.895e-10,98.95,7.0,8,2,1,4
ARYQAYDNSYGV,1.0166e-10,101.66,6.99,11,6,3,7
ARSYAYLYGSWDY,1.02e-10,102.0,6.99,10,4,2,6
ARYHFSGYFMDA,1.0301e-10,103.01,6.99,8,5,2,6
ARYYSYGGYYFDY,1.0585e-10,105.85,6.98,8,3,0,3
ARYGRDYYYFDV,1.0596e-10,105.96,6.97,8,4,1,5
AKYVASGYSLA,1.0895e-10,108.95,6.96,11,5,3,7
ARYYSDYSYTFSY,1.1219e-10,112.19,6.95,9,5,3,6
ARYHYSGYFMDS,1.1272e-10,112.72,6.95,8,4,2,6
AAYWYGVYVFRY,1.1285e-10,112.85,6.95,10,6,3,6
ARSEWFWGSFAY,1.14e-10,114.0,6.94,10,4,2,6
ARSHYGYYDYYTDF,1.155e-10,115.5,6.94,10,5,3,7
TLNGPLYWMWTL,1.1595e-10,115.95,6.94,11,8,4,9
ARWWYGGRNYFDI,1.1613e-10,116.13,6.94,9,5,3,7
ARYPDYYYAMDY,1.1726e-10,117.26,6.93,6,2,0,4
ATWPHINTRIYAFDP,1.173e-10,117.3,6.93,11,8,5,9
ATGPYTVYSYPY,1.1972e-10,119.72,6.92,10,6,3,7
ARYRGGYGGYVFDP,1.1982e-10,119.82,6.92,8,5,2,6
ARNYYGSYYFDY,1.1989e-10,119.89,6.92,8,3,0,3
ARFSGYGAYDYAY,1.2499e-10,124.99,6.9,8,5,2,7
ARDGYPQYGGYGY,1.2677e-10,126.77,6.9,10,5,2,7
AGYEGYGLYPFAY,1.281e-10,128.1,6.89,9,5,2,6
ARGYFGGYYFAY,1.3044e-10,130.44,6.88,8,3,1,5
ARWWTPANYPFLY,1.33e-10,133.0,6.88,9,6,3,8
AKYGRSDYGFEH,1.33e-10,133.0,6.88,11,6,2,7
ARFLYGSYYFDY,1.3493e-10,134.93,6.87,8,2,0,5
ASYYAPGSYGFDP,1.3502e-10,135.02,6.87,10,6,2,6
ARYGLNHYYVYPY,1.3531e-10,135.31,6.87,9,6,3,7
ARSYFRFTGDFFY,1.3537e-10,135.37,6.87,11,6,3,7
SRYYDYNYYFMDY,1.4143e-10,141.43,6.85,7,5,2,6
VRGYGYNFYYHGFSY,1.465e-10,146.5,6.83,10,7,4,8
ARHHYSGYFHDV,1.4786e-10,147.86,6.83,9,4,2,6
ARTTSSIPSSFDY,1.4877e-10,148.77,6.83,10,5,2,7
ARFDLVGAFDY,1.5144e-10,151.44,6.82,8,4,1,5
ARDGYPFYSGMDY,1.5352e-10,153.52,6.81,7,3,2,5
ATSGSVDRYDYVY,1.5468e-10,154.68,6.81,10,6,3,8
ARYNPFDGFYFDV,1.555e-10,155.5,6.81,8,5,2,6
ATGYSYLRFYD,1.635e-10,163.5,6.79,11,5,3,6
ARGYYQDSQSWGY,1.655e-10,165.5,6.78,11,6,3,7
ASSGRLDLYDFRL,1.7052e-10,170.52,6.77,11,6,3,8
ATGYGYLLYSDHD,1.7122e-10,171.22,6.77,11,7,4,8
ARGYWWLYGFAY,1.7168e-10,171.68,6.77,9,4,2,5
ARWSWPGYEFEF,1.77e-10,177.0,6.75,9,5,3,7
ARSTDYWHASQY,1.789e-10,178.9,6.75,9,5,3,6
ATGSGGGGFSYGY,1.819e-10,181.9,6.74,9,7,2,7
ARLAFDSVSFYSDY,1.8677e-10,186.77,6.73,9,6,3,7
AQYGRGGYWYFDY,1.8846e-10,188.46,6.72,9,5,2,6
ARSYAFLYGRMDY,1.885e-10,188.5,6.72,9,5,2,6
ASYAGYSPFDY,2.0151e-10,201.51,6.7,9,2,1,4
ARSYYGAYYFDY,2.0183e-10,201.83,6.7,8,3,0,4
ARDSPYYGSLYLY,2.0507e-10,205.07,6.69,11,5,2,6
AKYGISDYGFDH,2.0746e-10,207.46,6.68,10,5,2,7
ARSGEGYYAFDY,2.1041e-10,210.41,6.68,6,2,1,5
ARYLEYTYAWDY,2.1828e-10,218.28,6.66,8,3,2,5
ASGDLTAGSSQT,2.194e-10,219.4,6.66,12,6,3,8
ARWYGLGSYGLTY,2.2267e-10,222.67,6.65,7,5,2,7
ARWEQASVGSFGY,2.2585e-10,225.85,6.65,10,5,3,8
ARWRYGGAYQFAL,2.3051e-10,230.51,6.64,9,5,3,7
ARDGGMYRYGLYG,2.313e-10,231.3,6.64,9,6,2,7
TRNGPLYWHWDL,2.3409e-10,234.09,6.63,10,6,3,8
ARTTISSSSYTG,2.48e-10,248.0,6.61,12,6,3,8
ARGHYSLGYSFDF,2.56e-10,256.0,6.59,10,5,2,7
ALLYGYYPSGVG,2.6202e-10,262.02,6.58,12,6,3,8
ATGYSYLRYYD,2.73e-10,273.0,6.56,11,5,3,7
ARDVYVGSPVFDY,2.7782e-10,277.82,6.56,9,4,2,6
ARSNNWYSYSFQF,2.78e-10,278.0,6.56,11,6,3,8
AYMGSHTIYSFEH,3.01e-10,301.0,6.52,11,6,4,8
ASDRYGSYSLVS,3.1428e-10,314.28,6.5,11,5,3,6
ATSGTASWQHYGV,3.2195e-10,321.95,6.49,12,8,4,8
ARYYGWYYYFDY,3.2269e-10,322.69,6.49,8,3,1,5
AVEGGTRALEP,3.2559e-10,325.59,6.49,10,6,3,7
ARLGASHGYLYDD,3.2757e-10,327.57,6.48,9,6,2,7
ARLYYSSFNGM,3.39e-10,339.0,6.47,10,6,3,6
ARDYDFGLSVGAV,3.576e-10,357.6,6.45,11,6,3,7
ARYHYRTIGSFGY,3.67e-10,367.0,6.44,11,6,3,7
AWASGYGGYGMDY,3.6848e-10,368.48,6.43,7,5,3,6
ARYHYSGFFMDA,4.3314e-10,433.14,6.36,8,5,2,7
ARYLSDSYAWDY,4.3396e-10,433.96,6.36,7,4,2,5
ATGLSPSGSNGPY,4.4426e-10,444.26,6.35,12,7,3,8
VRSGYDYYSWFAY,4.6534e-10,465.34,6.33,9,4,2,6
ARGYAYYVAGREY,4.96e-10,496.0,6.3,10,6,3,7
TRRDFGYYMAY,5.4694e-10,546.94,6.26,8,5,2,6
ARNYYGAAYYFDY,5.6989e-10,569.89,6.24,9,4,1,5
ARYAGVERPGSFAY,5.7418e-10,574.18,6.24,11,6,3,7
ARGYGVGASFVY,6.3e-10,630.0,6.2,9,3,2,5
ARTGWGYDNISGYEY,1.46156e-10,1461.56,5.84,10,7,3,9
